Chapter,Question,Option_1,Option_2,Option_3,Option_4,Answer
1,Here is a question on chapter one,1: option one,2: option 2,3: etc,4: last,1
1,Here is a 2nd question on chapter one,1: option one,2: option 2,3: etc,4: last,3
1,Here is a 3rd question on chapter one,1: option one,2: option 2,3: etc,4: last,2
1,Here is a 4th question on chapter one,1: option one,2: option 2,3: etc,4: last,3
1,Here is a 5th question on chapter one,1: option one,2: option 2,3: etc,4: last,3
1,Here is a 6th question on chapter one,1: option one,2: option 2,3: etc,4: last,2
1,Here is a 7th question on chapter one,1: option one,2: option 2,3: etc,4: last,1
1,Here is a 8th question on chapter one,1: option one,2: option 2,3: etc,4: last,2
1,Here is a 9th question on chapter one,1: option one,2: option 2,3: etc,4: last,1
1,Here is a 10th question on chapter one,1: option one,2: option 2,3: etc,4: last,1
2,Here is a question on chapter two,1: option one,2: option 2,3: etc,4: last,1
2,Here is a 2nd question on chapter two,1: option one,2: option 2,3: etc,4: last,1
2,Here is a 3rd question on chapter two,1: option one,2: option 2,3: etc,4: last,1
2,Here is a 4th question on chapter two,1: option one,2: option 2,3: etc,4: last,1
2,Here is a 5th question on chapter two,1: option one,2: option 2,3: etc,4: last,1
2,Here is a 6th question on chapter two,1: option one,2: option 2,3: etc,4: last,1
2,Here is a 7th question on chapter two,1: option one,2: option 2,3: etc,4: last,1